sku,upc,name,brand,department,category,sub_category,collection,size,color_name,color_hex,material,fit_type,cost,retail_price,msrp,short_description,long_description,image_uri,alt_text
192223,840364119223,Tweed Frayed Edge Slingback Pump,Modern Muse,Women,Footwear,Heels,Autumn Elegance,,Beige Multi,#D8CFC4,Tweed,Standard,68.5,139.99,155,A sophisticated slingback pump crafted from classic multicolor tweed with contemporary frayed edge detailing and a comfortable low block heel.,"Elevate your wardrobe with our Tweed Frayed Edge Slingback Pump. This shoe combines timeless elegance with modern texture, featuring a rich, multicolor tweed fabric. The design is highlighted by delicate frayed edges along the opening and slingback strap, adding a touch of effortless chic. A modest block heel provides stable, all-day comfort, making it a versatile choice for both professional settings and special occasions. The adjustable slingback ensures a perfect fit, blending style and practicality seamlessly.",https://storage.googleapis.com/<your-artifacts-bucket>/products/192223.png,"A side view of a women's slingback pump made of multicolor tweed fabric, featuring a low block heel, a square toe, and frayed edges along the topline and strap."
734555,198765432109,LA Originals Classic High-Top Sneakers,Modern Muse,Unisex,Apparel,Footwear,Urban Classics Collection,,White/Black,#FFFFFF,Canvas,Standard,35.5,74.99,85,"Classic high-top sneakers in a timeless white and black colorway, perfect for everyday urban style.","Step up your sneaker game with the LA Originals Classic High-Top. Featuring a durable canvas upper, a comfortable padded collar, and a vulcanized rubber outsole for excellent grip and flexibility. The iconic black geometric logo on the side adds a bold statement to the clean white design. Finished with classic lace-up closure and a branded tongue patch, these sneakers blend retro vibes with modern comfort for a versatile look that pairs with anything.",https://storage.googleapis.com/<your-artifacts-bucket>/products/734555.png,"A pair of white high-top sneakers with black accents and a geometric logo on the side, set against a white background."
129037,840345129037,Women's Quilted Leather Chelsea Boot,Maison Onyx,Women,Footwear,Boots,Autumn Classics,,Black,#000000,Leather,Standard,85,180,225,A chic and timeless black leather Chelsea boot featuring elegant quilted detailing on the heel and a comfortable fit for everyday wear.,"Elevate your footwear collection with our Quilted Leather Chelsea Boot. This classic silhouette is updated with a sophisticated quilted pattern on the heel counter for a touch of texture and modern flair. Crafted from supple black leather, it features traditional elastic side gores and a heel pull-tab for easy on and off. The low block heel provides subtle lift and all-day comfort, making it the perfect versatile boot to pair with everything from jeans to dresses.",https://storage.googleapis.com/<your-artifacts-bucket>/products/129037.png,"A black leather women's Chelsea boot with a quilted pattern on the heel, elastic side panel, and a small gold logo accent, shown from the side on a white background."
SPRT-002,820001000002,AeroStrike Pro Tennis Racket,SwiftSport,Sports,Tennis,Rackets,Grand Slam 2026,"",Arctic White / Volt,"",Graphene-Infused Carbon,"",95,279.99,299.99,Tournament-grade tennis racket with graphene frame for maximum power and control.,"The AeroStrike Pro features a graphene-infused carbon frame that delivers explosive power while maintaining precision control. 98 sq inch head, 305g strung weight, optimized string pattern for spin generation. Used by ATP tour professionals.",https://storage.googleapis.com/<your-artifacts-bucket>/products/SPRT-002.png,Tournament-grade tennis racket with graphene frame for maximum power and control.
SPRT-001,820001000001,TrailBlaze Carbon Mountain Bike,VEKTOR,Sports,Cycling,Mountain Bikes,Enduro 2026,"",Ember Red,"",Full Carbon Frame,"",1800,4299.99,4499.99,Full-carbon enduro mountain bike with 160mm travel and electronic shifting.,"The TrailBlaze Carbon is built for aggressive trail riding with a full carbon frame, Fox 36 fork with 160mm travel, SRAM AXS electronic shifting, and 29-inch wheels. Designed to climb efficiently and descend fearlessly.",https://storage.googleapis.com/<your-artifacts-bucket>/products/SPRT-001.png,Full-carbon enduro mountain bike with 160mm travel and electronic shifting.
BEAU-001,860001000001,Radiance Serum with Vitamin C + Hyaluronic Acid,Lumière,Beauty,Skincare,Serums,Glow Collection,"",Golden,"",20% Vitamin C + HA,"",12,48.99,54.99,"Brightening vitamin C serum with hyaluronic acid for radiant, hydrated skin.","Radiance Serum combines 20% L-Ascorbic Acid (Vitamin C) with multi-molecular weight Hyaluronic Acid and Vitamin E. Targets dark spots, fine lines, and uneven skin tone while deeply hydrating. Lightweight, fast-absorbing formula. Dermatologist tested, cruelty-free, vegan.",https://storage.googleapis.com/<your-artifacts-bucket>/products/BEAU-001.png,"Brightening vitamin C serum with hyaluronic acid for radiant, hydrated skin."
HOME-001,850001000001,AuraBloom Smart Aromatherapy Diffuser,Tranquil,Home,Wellness,Diffusers,Zen Living,"",Natural Bamboo,"",Bamboo + Ceramic,"",22,69.99,79.99,"Smart aromatherapy diffuser with app control, mood lighting, and whisper-quiet operation.","AuraBloom combines ultrasonic diffusion technology with smart home integration. Control mist intensity, LED mood lighting (16M colors), and scheduling via the Tranquil app or voice assistant. Handcrafted bamboo and ceramic design. 300ml capacity, runs up to 10 hours. Whisper-quiet at under 25dB.",https://storage.googleapis.com/<your-artifacts-bucket>/products/HOME-001.png,"Smart aromatherapy diffuser with app control, mood lighting, and whisper-quiet operation."
ELEC-001,810001000001,ProVision 4K Ultra Drone,SkyTech,Electronics,Drones,Consumer Drones,Explorer Series 2026,"",Matte Black,"",Carbon Fiber Composite,"",420,899.99,999.99,Professional 4K drone with 45-minute flight time and obstacle avoidance.,"The ProVision 4K Ultra Drone features a lightweight carbon fiber frame, gimbal-stabilized 4K/60fps camera, AI-powered obstacle avoidance, and 45-minute flight time. Perfect for aerial photography, real estate, and adventure content creators.",https://storage.googleapis.com/<your-artifacts-bucket>/products/ELEC-001.png,Professional 4K drone with 45-minute flight time and obstacle avoidance.
ELEC-002,810001000002,NovaSound Pro Wireless Earbuds,SoundWave,Electronics,Audio,Earbuds,Studio Pro Line,"",Midnight Silver,"",Titanium + Silicone,"",85,249.99,279.99,Studio-grade wireless earbuds with spatial audio and 40-hour battery.,"NovaSound Pro delivers lossless hi-res audio with adaptive noise cancellation, spatial audio, and a titanium driver array. 40-hour total battery life with the charging case. IPX5 water resistant.",https://storage.googleapis.com/<your-artifacts-bucket>/products/ELEC-002.png,Studio-grade wireless earbuds with spatial audio and 40-hour battery.
ELEC-003,810001000003,LumaTab Pro 14 Tablet,LumaTech,Electronics,Tablets,Pro Tablets,Creative Suite 2026,"",Space Gray,"",Aluminum Unibody,"",380,799.99,849.99,14-inch OLED tablet with stylus support for creative professionals.,"LumaTab Pro 14 features a stunning 14-inch 120Hz OLED display, pressure-sensitive stylus support, 16GB RAM, and all-day battery. Built for designers, illustrators, and content creators who demand desktop-class performance in a portable form.",https://storage.googleapis.com/<your-artifacts-bucket>/products/ELEC-003.png,14-inch OLED tablet with stylus support for creative professionals.
PET-001,870001000001,SmartPaw GPS Pet Tracker Collar,PawTech,Pet,Pet Tech,GPS Trackers,Connected Pet,"",Ocean Blue,"",Silicone + Stainless Steel,"",35,99.99,119.99,Real-time GPS pet tracker with activity monitoring and escape alerts.,"SmartPaw GPS Tracker attaches to any collar and provides real-time location tracking, activity monitoring, virtual fence alerts, and health insights via the PawTech app. Waterproof (IP68), 7-day battery life, works on 4G LTE. Includes 1 month of free service.",https://storage.googleapis.com/<your-artifacts-bucket>/products/PET-001.png,Real-time GPS pet tracker with activity monitoring and escape alerts.
FOOD-002,830001000002,Solaris Cold Brew Coffee Concentrate,BeanCraft,Food & Beverage,Coffee,Cold Brew,Artisan Roast,"",Dark Roast,"",100% Arabica Beans,"",4.5,14.99,16.99,Organic cold brew concentrate made from single-origin Ethiopian beans.,"Solaris Cold Brew is steeped for 18 hours using single-origin Ethiopian Yirgacheffe beans. Rich, smooth, and naturally sweet with notes of dark chocolate and stone fruit. 2x concentrate — just add water, milk, or ice. USDA Organic certified.",https://storage.googleapis.com/<your-artifacts-bucket>/products/FOOD-002.png,Organic cold brew concentrate made from single-origin Ethiopian beans.
SPRT-003,820001000003,AlpineX Waterproof Hiking Boot,TrailForge,Sports,Outdoor,Hiking Boots,Summit Series,"",Earth Brown,"",Full-Grain Leather + Gore-Tex,"",75,189.99,219.99,Waterproof hiking boot with Vibram sole for all-terrain performance.,"AlpineX combines premium full-grain leather with Gore-Tex waterproof lining and a Vibram Megagrip outsole. Designed for serious hikers tackling wet, rocky, and technical terrain. Ankle support, cushioned midsole, and a 3-year waterproof guarantee.",https://storage.googleapis.com/<your-artifacts-bucket>/products/SPRT-003.png,Waterproof hiking boot with Vibram sole for all-terrain performance.
AUTO-001,840001000001,VoltDrive EV Performance Tire,TerraGrip,Automotive,Tires,EV Performance,ElectriQ Series,"",Black,"",Silica-Infused Compound,"",120,289.99,319.99,"Ultra-low rolling resistance EV tire with 50,000 mile treadlife warranty.","VoltDrive is engineered specifically for electric vehicles with a silica-infused compound that minimizes rolling resistance for maximum range while delivering exceptional wet and dry grip. Noise-dampening foam insert for a whisper-quiet cabin. 50,000 mile warranty.",https://storage.googleapis.com/<your-artifacts-bucket>/products/AUTO-001.png,"Ultra-low rolling resistance EV tire with 50,000 mile treadlife warranty."
FIT-001,880001000001,PowerRing Smart Fitness Ring,VitaBand,Fitness,Wearables,Smart Rings,Health360,"",Stealth Black,"",Titanium,"",95,299.99,349.99,"Titanium smart ring tracking sleep, heart rate, SpO2, and body temperature.","PowerRing packs advanced health sensors into a sleek titanium ring. Tracks sleep stages, continuous heart rate, blood oxygen (SpO2), skin temperature, and activity. 7-day battery life, water resistant to 100m. No subscription required. Compatible with Apple Health and Google Fit.",https://storage.googleapis.com/<your-artifacts-bucket>/products/FIT-001.png,"Titanium smart ring tracking sleep, heart rate, SpO2, and body temperature."
HOME-002,850001000002,ErgoFlow Mesh Office Chair,DeskPro,Home,Furniture,Office Chairs,Executive Comfort,"",Graphite,"",Breathable Mesh + Aluminum,"",180,449.99,499.99,"Ergonomic mesh office chair with adjustable lumbar, 4D armrests, and headrest.","ErgoFlow features a full breathable mesh back, adjustable lumbar support, 4D armrests, adjustable headrest, and a synchronized tilt mechanism. Polished aluminum base with smooth-rolling casters. Supports up to 300 lbs. 12-year warranty. Designed for 8+ hour work sessions.",https://storage.googleapis.com/<your-artifacts-bucket>/products/HOME-002.png,"Ergonomic mesh office chair with adjustable lumbar, 4D armrests, and headrest."
AUTO-002,840001000002,LuxeShield Ceramic Coating Kit,AutoLux,Automotive,Car Care,Coatings,Pro Detailer,"",Crystal Clear,"",SiO2 Ceramic Polymer,"",28,79.99,89.99,Professional-grade ceramic coating with 3-year hydrophobic protection.,"LuxeShield provides a professional-grade 9H ceramic coating that bonds to your vehicle's paint for up to 3 years. Extreme hydrophobic properties, UV protection, chemical resistance, and a deep mirror-like gloss. Kit includes prep spray, coating, applicators, and microfiber cloths.",https://storage.googleapis.com/<your-artifacts-bucket>/products/AUTO-002.png,Professional-grade ceramic coating with 3-year hydrophobic protection.
FOOD-001,830001000001,Heritage Reserve Single Malt Whisky,GlenCroft,Food & Beverage,Spirits,Whisky,Distiller's Reserve,"",Amber Gold,"",12-Year Oak Aged,"",35,89.99,99.99,"12-year aged single malt Scotch whisky with notes of honey, vanilla, and oak.","Heritage Reserve is a 12-year single malt distilled in copper pot stills and aged in American oak ex-bourbon casks. Tasting notes: golden honey, vanilla cream, toasted oak, with a long warm finish. 43% ABV. Non-chill filtered for maximum flavor.",https://storage.googleapis.com/<your-artifacts-bucket>/products/FOOD-001.png,"12-year aged single malt Scotch whisky with notes of honey, vanilla, and oak."
634522,850061234567,Classic Leather Ballet Flats,Aurum,Women,Shoes,Footwear,Spring Bloom Collection,7.5,Lavender,#C8BFE7,Leather,Classic,42.5,89.99,110,"Timeless and versatile, these lavender ballet flats are crafted from supple leather for a comfortable, classic look.","Discover effortless elegance with our Classic Leather Ballet Flats. Made from premium, soft leather in a delicate lavender shade, these shoes are the epitome of comfort and style. Featuring a traditional round toe, a dainty bow accent, and a cushioned footbed for all-day wear. The flexible sole provides durability and ease of movement. These flats are a perfect addition to any wardrobe, easily pairing with casual jeans or a formal dress.",https://storage.googleapis.com/<your-artifacts-bucket>/products/634522.png,"A pair of women's lavender leather ballet flats with a round toe and a delicate bow detail, on a white background."
192831,849302175643,Two-Tone Cap-Toe Ballet Flats,Modern Muse,Women,Footwear,Flats,Everyday Elegance,7.5,Beige/Black,#DDCDBA,Leather,Regular,42.5,89.99,110,"Classic and chic, these leather ballet flats feature a timeless two-tone design with a comfortable fit for all-day wear.","Step into timeless style with our Two-Tone Cap-Toe Ballet Flats. Expertly crafted from soft, genuine leather, these elegant flats feature a sophisticated beige body complemented by a classic black cap toe. The slip-on design ensures easy wear, while the cushioned insole and minimal heel provide superior comfort from morning to night. Perfect for pairing with workwear or casual outfits, these versatile flats are a must-have addition to any wardrobe.",https://storage.googleapis.com/<your-artifacts-bucket>/products/192831.png,"A pair of women's beige leather ballet flats with a contrasting black cap toe, shown on a white background."
345745,850067123456,Lasocki Strappy Kitten Heel Sandal,Neon & Co.,Women,Footwear,Heels,Spring Summer 2024,7.5,Lilac,#C8A2C8,Faux Leather,Regular,28.5,59.99,75,"Elegant lilac kitten heel sandals featuring delicate criss-cross straps, a modern square toe, and adjustable ankle support for a chic and comfortable fit.","Step into sophistication with our Lasocki Strappy Kitten Heel Sandal. Crafted in a lovely lilac faux leather, these sandals offer both style and comfort. The design features multiple delicate straps that artfully cross the foot, leading to two adjustable ankle straps with silver-tone buckles for a secure fit. A modest kitten heel provides a subtle lift, perfect for all-day wear, while the contemporary open square toe adds a modern touch. These versatile heels are perfect for dressing up any outfit, from casual daytime looks to elegant evening ensembles.",https://storage.googleapis.com/<your-artifacts-bucket>/products/345745.png,Side view of a lilac strappy kitten heel sandal with a square toe and adjustable ankle straps.
39288,196852123456,Quilted Leather Espadrille Slip-On,Modern Muse,Women,Apparel,Footwear,Summer Seaside Collection,8,Cream,#FFFDD0,"Leather, Jute",Regular,55.75,119.99,145,"Effortless style meets comfort in our quilted leather espadrilles, perfect for any sunny day.","Step into summer with our beautifully crafted Quilted Leather Espadrille Slip-Ons. Featuring a soft, diamond-quilted leather upper in a versatile cream color and a classic jute-wrapped midsole. The durable rubber outsole provides traction and longevity, while the slip-on design ensures easy wear. A subtle pull-tab at the heel adds a functional touch. These espadrilles are the perfect blend of casual elegance, ideal for pairing with everything from sundresses to your favorite jeans.",https://storage.googleapis.com/<your-artifacts-bucket>/products/39288.png,Side view of a women's cream quilted leather espadrille with a jute sole.
734222,850059382147,Chunky Platform Fisherman Sandal,Maison Onyx,Women,Apparel,Footwear,Summer City Collection,8,Black,#000000,Faux Leather,Regular,38.5,74.99,85,"A modern take on a classic, these black fisherman sandals feature a bold platform lug sole and a comfortable woven design.","Step into contemporary style with our Chunky Platform Fisherman Sandals. These sandals feature a classic caged upper crafted from smooth black faux leather, complete with an adjustable ankle strap for a secure and comfortable fit. The standout feature is the thick, treaded platform sole that adds significant height and a modern, edgy look while ensuring all-day comfort and stability. Perfect for pairing with summer dresses, shorts, or your favorite jeans, these sandals are a versatile must-have for any fashion-forward wardrobe.",https://storage.googleapis.com/<your-artifacts-bucket>/products/734222.png,"A black platform fisherman sandal with a chunky lug sole and a woven caged upper, shown from the side against a white background."
190222,850055109876,Women's Classic Leather Riding Boot,Maison Onyx,Women,Apparel,Footwear,Equestrian Elegance,8.5,Cognac,#6F4E37,Full-Grain Leather,Regular,145.5,279.99,349.99,"Timeless elegance meets modern comfort in these classic leather riding boots, perfect for any occasion.","Crafted from premium full-grain leather, our Classic Leather Riding Boots offer a sophisticated silhouette and enduring style. These knee-high boots feature a sleek design with a full-length side zipper for a secure and comfortable fit. The rich cognac color adds a touch of warmth and versatility to your wardrobe. With a durable sole and a slight heel, they provide both comfort for all-day wear and a flattering lift. Perfect for pairing with skinny jeans, leggings, or skirts for a polished, equestrian-inspired look.",https://storage.googleapis.com/<your-artifacts-bucket>/products/190222.png,"A pair of women's brown leather knee-high riding boots, shown from the front on a white background."
724354,840342198765,Black Platform Chelsea Boots,Maison Onyx,Women,Apparel,Footwear,Urban Explorer,8.5,Black,#000000,Faux Leather,Regular,48.5,99.99,125,Step up your style with these bold and edgy platform Chelsea boots. Featuring a chunky heel and lug sole for a commanding presence.,"Introducing our Black Platform Chelsea Boots, the ultimate statement piece for any modern wardrobe. These boots are crafted from high-quality faux leather and feature the classic Chelsea boot silhouette with elastic side gores and pull tabs for easy on-and-off wear. The dramatic chunky platform and block heel provide significant lift and an on-trend look, while the rugged lug sole ensures excellent traction and durability. Perfect for pairing with jeans, skirts, or dresses, these boots add an instant touch of cool to any outfit.",https://storage.googleapis.com/<your-artifacts-bucket>/products/724354.png,"A pair of women's black platform Chelsea boots with a chunky lug sole and block heel, viewed from the side on a white background."
222333,196942123456,Suede Platform Block Heel Sandal,Aurum,Women,Footwear,Sandals,Summer 2024,8.5,Taupe,#C0B2A4,Suede,Regular,48.5,99.99,125,"Elevate your look with these chic platform sandals, crafted from soft taupe suede. Featuring a bold stacked block heel and a secure ankle strap, they offer both style and comfort.","Make a statement with our Suede Platform Block Heel Sandal. Designed with a comfortable open-toe silhouette and a soft suede upper, these sandals are perfect for any warm-weather occasion. The sturdy platform and high block heel have a stylish wood-grain finish, providing significant lift without sacrificing stability. An adjustable ankle strap with a classic gold-tone buckle ensures a secure and customized fit. These versatile sandals pair beautifully with dresses, skirts, or your favorite pair of jeans.",https://storage.googleapis.com/<your-artifacts-bucket>/products/222333.png,"A women's taupe suede platform sandal with a stacked wooden block heel and an ankle strap with a gold buckle, shown from the side against a white background."
663452,789012345678,White Chunky Platform Sneaker,Neon & Co.,Women's,Footwear,Sneakers,Urban Edge,8.5,White,#FFFFFF,Faux Leather,Regular,38.5,79.99,95,"Elevate your look with these bold, all-white chunky platform sneakers, perfect for adding a trendy, retro-inspired touch to any outfit.","Step into the spotlight with our White Chunky Platform Sneakers. These shoes feature a thick, sculpted platform sole that provides both height and a dramatic silhouette. The upper is crafted from smooth, durable faux leather with stitched panel details for a classic athletic look. A padded collar and tongue, along with a secure lace-up closure, ensure a comfortable and supportive fit. These versatile sneakers are the perfect statement piece to pair with jeans, skirts, or dresses for a modern, fashion-forward style.",https://storage.googleapis.com/<your-artifacts-bucket>/products/663452.png,"Side view of a women's all-white chunky platform sneaker with a thick, sculpted sole and classic lace-up front."
734522,850024567890,Metallic Silver Pointed-Toe Knee-High Boot,Maison Onyx,Women,Footwear,Boots,Cosmic Glam,8.5,Silver,#C0C0C0,Metallic Faux Leather,Slim Fit,110.5,220,275,"Make a bold statement with these striking knee-high boots, crafted in a high-shine metallic silver finish for a futuristic and glamorous look.","Step into the spotlight with our Metallic Silver Pointed-Toe Knee-High Boots. Designed for the fashion-forward individual, these boots feature a sleek, liquid-metal appearance that is sure to turn heads. The sharp pointed toe and slender stiletto heel create an elegant and powerful silhouette. Crafted from a high-quality metallic faux leather, they offer a comfortable, form-fitting design that hugs the calf. Perfect for evening events, parties, or adding a dose of high-fashion drama to any outfit.",https://storage.googleapis.com/<your-artifacts-bucket>/products/734522.png,"A side profile of a women's knee-high boot with a metallic silver finish, a high stiletto heel, and a pointed toe, set against a white background."
191921,840289901234,Pearl Embellished Satin Slingback Pumps,Maison Onyx,Women,Footwear,Heels,Evening Elegance,8.5,Black,#000000,Satin,Standard,280.5,450,495,"An elegant black satin slingback pump featuring a pointed toe and a stunning pearl-embellished strap, perfect for formal occasions.","Step into sophistication with our Pearl Embellished Satin Slingback Pumps. Crafted from luxurious black satin, these shoes boast a timeless pointed-toe design and a sleek stiletto heel. The defining feature is the exquisite strap across the instep, adorned with a cascade of lustrous white pearls that adds a touch of glamour and refinement. The adjustable slingback ensures a secure and comfortable fit, making these heels an ideal choice for weddings, galas, or any event where you want to make a memorable impression. The interior is lined with supple leather for ultimate comfort.",https://storage.googleapis.com/<your-artifacts-bucket>/products/191921.png,A black satin pointed-toe slingback pump with a stiletto heel and a decorative strap across the instep embellished with white pearls of various sizes.
473843,810155047384,Classic Pointed Toe Stiletto Pumps,Maison Onyx,Women,Footwear,Heels,Signature Styles,8.5,Black,#000000,Patent Leather,Standard,42.5,95,120,"A timeless and elegant black stiletto pump, crafted from glossy patent leather with a classic pointed toe. The perfect heel for any formal or professional occasion.","Step into sophistication with our Classic Pointed Toe Stiletto Pumps. These beautifully crafted heels feature a high-shine patent leather finish that exudes luxury. The sleek, pointed toe design elongates the leg for a flattering silhouette, while the slender stiletto heel provides a confident lift. Designed for both style and comfort, these versatile pumps are a wardrobe essential, seamlessly transitioning from boardroom meetings to evening cocktails. Pair them with a tailored suit for a powerful professional look or with your favorite dress for a night out.",https://storage.googleapis.com/<your-artifacts-bucket>/products/473843.png,"A single classic black patent leather stiletto pump with a pointed toe, viewed from the side against a white background."
634523,196013548721,Satin Halter Neck Crop Top,Maison Onyx,Women,Apparel,Top,Evening Allure,M,Royal Blue,#4169E1,Satin,Fitted,28.5,65,78,"A stunning royal blue satin halter neck crop top, designed with a sleek high neckline and a fitted silhouette for a sophisticated look.","Crafted from luxurious, high-sheen satin, this royal blue top is a true statement piece. It features an elegant halter neckline that fastens with a discreet zipper at the back, a draped cowl detail at the front, and a cropped length that pairs perfectly with high-waisted skirts or trousers. The fitted design accentuates your shape, making it an ideal choice for a night out, a special occasion, or any event where you want to turn heads.",https://storage.googleapis.com/<your-artifacts-bucket>/products/634523.png,"Front view of a royal blue satin halter neck crop top with a high neckline and fitted silhouette, shown on a white background."
109244,198765432109,Breton Stripe Long Sleeve Top with Button Cuffs,Modern Muse,Women,Apparel,Top,Modern Nautical,M,Navy/Cream,#0F1A2D,Cotton Blend,Regular,78,185,185,A timeless long-sleeve top featuring classic navy and cream Breton stripes. Elevated with distinctive wide cuffs adorned with decorative gold-tone buttons.,"Embrace classic Parisian chic with this elegant Breton stripe top. Crafted from a soft and comfortable knit fabric, this piece features a timeless crew neckline and long sleeves. The design is elevated by sophisticated wide cuffs, each detailed with a row of polished gold-tone buttons. Its versatile navy and cream pattern makes it a perfect staple for any wardrobe, easily paired with jeans for a casual look or trousers for a more polished ensemble.",https://storage.googleapis.com/<your-artifacts-bucket>/products/109244.png,"Women's navy and cream striped long-sleeve top with gold button details on the cuffs, viewed from the front."
394855,196428394855,Pleated Plaid Mini Skirt,Neon & Co.,Women,Apparel,Bottom,Campus Classics,Medium,Red Tartan,#D22B2B,Polyester Blend,A-Line,18.5,39.99,48,"A classic and preppy pleated mini skirt featuring a vibrant red, black, and white tartan plaid pattern.","Channel a timeless academic look with our Pleated Plaid Mini Skirt. This skirt features a classic A-line silhouette with crisp pleats that offer a flattering shape and movement. The striking red tartan pattern, interwoven with black and white lines, makes a bold statement. Made from a comfortable and durable fabric, it's perfect for all-day wear. It includes a concealed side zipper for a seamless look. Pair it with a chunky sweater and boots for a cozy autumn outfit or a simple blouse for a polished, preppy style.",https://storage.googleapis.com/<your-artifacts-bucket>/products/394855.png,"A women's pleated mini skirt with a red, black, and white plaid pattern on a white background."
192841,840344519286,Symmetrical Kaleidoscope Print Maxi Dress,Maison Onyx,Women,Apparel,Dress,Artisan Prints,Medium,Multi-Color,#0A2F4B,Polyester Spandex Blend,A-Line,52.5,110,135,"A stunning high-neck, long-sleeve maxi dress featuring a vibrant and intricate symmetrical kaleidoscope print. The A-line silhouette offers a flattering and comfortable fit for any occasion.","Make a bold and artistic statement with our Symmetrical Kaleidoscope Print Maxi Dress. This beautifully designed piece features a sophisticated high neckline and elegant long sleeves. The dress showcases a mesmerizing, symmetrical pattern rich in deep blues, vibrant greens, and golden yellows, reminiscent of intricate tile work. Crafted from a soft and stretchy polyester-spandex blend, it drapes beautifully in a flattering A-line cut that flows to the ankle. Perfect for gallery openings, special dinners, or any event where you want to stand out, this dress combines comfort with high-fashion artistry.",https://storage.googleapis.com/<your-artifacts-bucket>/products/192841.png,"Women's long sleeve high-neck maxi dress with a vibrant symmetrical geometric and paisley print in green, yellow, and blue."
598345,840345123456,Ditsy Floral Maxi Skirt,Aurum,Women,Apparel,Bottom,Spring Bloom Collection,Medium,Cream Multi Floral,#F5F5DC,Viscose,A-Line,32.5,64.99,78,"A flowy A-line maxi skirt featuring a delicate ditsy floral print on a soft cream background, perfect for warm weather.","Embrace effortless elegance with our Ditsy Floral Maxi Skirt. Crafted from lightweight, breathable viscose, this skirt drapes beautifully in a flattering A-line silhouette. The delicate pastel floral pattern adds a touch of romantic charm, making it perfect for sunny days, garden parties, or a casual brunch. It features a comfortable waistband and a full-length cut for a graceful, flowing movement with every step. Pair it with a simple camisole or a fitted tee for a timeless look.",https://storage.googleapis.com/<your-artifacts-bucket>/products/598345.png,Front view of a cream-colored A-line maxi skirt with a ditsy pastel floral print.
185932,850058932101,Black Satin Draped Midi Skirt,Aurum,Women,Apparel,Bottom,Evening Elegance,Medium,Black,#000000,Satin,A-Line,42.5,89.99,110,"An elegant black satin midi skirt featuring a sophisticated draped design and a flowing, asymmetrical hem.","Crafted from lustrous black satin, this midi skirt offers a touch of timeless elegance. The design features a flattering high-waist and an artfully gathered drape at the side, which flows into an asymmetrical wrap-style front. The A-line silhouette provides graceful movement, making it a perfect choice for special occasions, dinners, or creating a polished, chic look. Its versatile design pairs beautifully with both casual and formal tops.",https://storage.googleapis.com/<your-artifacts-bucket>/products/185932.png,Front view of a women's black satin midi skirt with an asymmetrical draped front and a flowing A-line silhouette.
238444,197865432109,Ditsy Floral A-Line Maxi Skirt,Aurum,Women,Apparel,Bottom,Spring Bloom 2024,Medium,Cream Multi Floral,#FDFBF2,Viscose,A-line,29.75,64.5,78,A breezy and elegant A-line maxi skirt adorned with a delicate ditsy floral print.,"Float through your day in our Ditsy Floral A-Line Maxi Skirt. Made from a lightweight and soft viscose fabric, this skirt offers beautiful movement and all-day comfort. The timeless A-line cut flatters your silhouette, while the charming all-over print of tiny blue and yellow blossoms on a cream background adds a touch of romantic, vintage-inspired style. Perfect for pairing with a simple tank top and sandals for an effortless warm-weather outfit.",https://storage.googleapis.com/<your-artifacts-bucket>/products/238444.png,Front view of a women's A-line maxi skirt in a cream color with a ditsy floral pattern of small blue and yellow flowers.
593844,840351892147,Women's Sporty Zip-Up Bodycon Dress,Neon & Co.,Women,Apparel,Dress,Athleisure,Medium,Royal Blue,#00539C,Polyester/Spandex Blend,Bodycon,28.5,59.99,75,"A sporty yet chic long-sleeve bodycon dress in a vibrant royal blue, featuring a full front zip and contrasting white piping for an athletic-inspired aesthetic.","Merge style and comfort with our Sporty Zip-Up Bodycon Dress. Designed for a modern, active lifestyle, this dress is crafted from a flexible polyester and spandex blend that contours to your body for a flattering, slim fit. It features a high mock neck, a full-length front zipper for versatile styling, and long sleeves. The design is elevated by crisp white piping along the raglan sleeves, adding a touch of athletic flair. Perfect for a casual day out or a stylish athleisure look, this dress is a versatile addition to any wardrobe.",https://storage.googleapis.com/<your-artifacts-bucket>/products/593844.png,"A women's long-sleeve, royal blue bodycon dress with a high collar, full front zipper, and white piping detail along the shoulders and sleeves."
634544,850024681357,Amalfi Long Sleeve Cut Out Mini Dress in White,Maison Onyx,Women,Apparel,Dress,Evening Edit,Medium,White,#FFFFFF,Ribbed Knit,Bodycon,25.5,59.99,75,"A stunning long-sleeve bodycon mini dress in a white ribbed knit, featuring a unique square neckline with a chic cut-out detail.","Turn heads in the Amalfi mini dress. Crafted from our premium ribbed knit fabric that hugs your curves, this dress features long sleeves, a bodycon fit, and a mini length. The standout detail is the modern square neckline, enhanced with a captivating cut-out at the chest. Perfect for date nights or evenings out with the girls, this dress combines sophistication with a touch of allure. The integrated waistband cinches your figure for the most flattering silhouette.",https://storage.googleapis.com/<your-artifacts-bucket>/products/634544.png,Front view of a white long-sleeve ribbed bodycon mini dress with a square neckline and chest cutout.
229384,840348129384,Asymmetrical Rib-Knit Midi Dress,Maison Onyx,Women,Apparel,Dress,Evening Edit,Medium,Black,#000000,Ribbed Knit,Bodycon,28.5,59.99,78,"Make a statement in this elegant black rib-knit midi dress. Featuring a modern asymmetrical neckline and a daring side slit, this dress offers a sophisticated and form-fitting silhouette.","Crafted from a comfortable stretch rib-knit fabric, this stunning black midi dress is designed to hug your curves. The unique asymmetrical neckline combines a single strap with an off-the-shoulder detail for a contemporary look. Long sleeves provide coverage, while the thigh-high side slit adds a touch of allure. Perfect for date nights, cocktail parties, or any special occasion, this bodycon dress is a versatile and timeless addition to your wardrobe.",https://storage.googleapis.com/<your-artifacts-bucket>/products/229384.png,A black long-sleeve rib-knit midi dress with an asymmetrical one-shoulder neckline and a thigh-high slit.
555734,198765432109,Galaxy Glow Glitter Mini Dress,Maison Onyx,Women,Apparel,Dress,Cosmic Nights Collection,Medium,Rainbow Glitter,#8A2BE2,Glitter Mesh,Bodycon,22.5,44.99,59.99,Shine like a galaxy in this stunning rainbow glitter mini dress. Perfect for nights out and special occasions.,"Steal the spotlight in our Galaxy Glow Glitter Mini Dress. This eye-catching bodycon dress features a vibrant, iridescent rainbow pattern on a shimmering mesh fabric. Designed with delicate spaghetti straps and a flattering slim fit, it hugs your curves in all the right places. The double-layered construction provides coverage while maintaining a lightweight feel. Ideal for parties, clubs, or any event where you want to make a dazzling impression. Pair it with your favorite heels for an unforgettable look.",https://storage.googleapis.com/<your-artifacts-bucket>/products/555734.png,Front view of a bodycon spaghetti strap mini dress in a shimmering rainbow glitter fabric.
654567,198765432109,Lavender Ruched Strapless Mini Dress,Maison Onyx,Women,Apparel,Dress,Summer Soiree,Medium,Lavender,#C8A2C8,Polyester/Spandex Blend,Bodycon,19.99,42.5,55,A stunning strapless bodycon mini dress in a beautiful lavender hue. Features adjustable ruching with drawstrings on the sides for a customizable and flattering fit.,"Step out in style with our Lavender Ruched Strapless Mini Dress. This eye-catching piece is designed to hug your curves in all the right places. Made from a soft and stretchy fabric, it ensures both comfort and a flawless silhouette. The dress features a classic strapless neckline and intricate ruching down the sides, which can be adjusted with drawstrings to create your desired look and length. Perfect for parties, date nights, or any event where you want to make a statement. Pair it with heels and delicate jewelry for an unforgettable ensemble.",https://storage.googleapis.com/<your-artifacts-bucket>/products/654567.png,Front view of a lavender strapless bodycon mini dress with ruched sides and adjustable drawstrings.
234893,195583749201,Pearl Embellished Tweed Jacket,Maison Onyx,Women,Apparel,Outerwear,Métiers d'Art 2023,Medium,Ecru/Black,#F5F5DC,Tweed,Classic Fit,180,450,495,"An iconic tweed jacket in black and white, featuring exquisite pearl trim along the collar, placket, and hem, finished with signature gold-tone buttons.","Embodying timeless elegance, thisjacket is crafted from a luxurious black and white tweed fabric. The classic, collarless silhouette is enhanced with intricate pearl detailing along the round neckline, central placket, cuffs, and hem. Four patch pockets and the front closure are adorned with ornate, textured gold-tone buttons. This piece is a testament to the house's legendary craftsmanship and an essential addition to any sophisticated wardrobe.",https://storage.googleapis.com/<your-artifacts-bucket>/products/234893.png,Black and white tweed jacket with pearl and gold button embellishments.
292929,195551292929,Pink Tweed Jacket,Modern Muse,Women,Apparel,Outerwear,Ready-to-Wear,Medium,Light Pink,#F7C4C8,Tweed,Classic Fit,180,450,495,"An iconic tweed jacket in a soft light pink hue. This timeless piece features a classic collarless silhouette, intricate braided trim, and signature gold-tone CC logo buttons.","Crafted with the legendary savoir-faire of the House of , this jacket is a masterpiece of textile and tailoring. Made from a luxurious light pink tweed, it offers a structured yet comfortable fit. The design is distinguished by its clean, collarless neckline, button-front closure, and four practical patch pockets. Delicate braided trim elegantly outlines the collar, placket, cuffs, and pockets, adding texture and refinement. Each gold-tone button is adorned with the iconic interlocking CC logo, making this jacket an unmistakable symbol of Parisian elegance.",https://storage.googleapis.com/<your-artifacts-bucket>/products/292929.png,"Front view of a  light pink tweed jacket with a collarless design, braided trim, and four patch pockets with gold logo buttons."
684321,850044123456,Striped Bateau Neck Crop Top,Aurum,Women,Apparel,Top,Modern Classics,Medium,Black/White,#000000,Cotton Blend,Cropped,22.5,49.99,58,A classic black and white striped crop top featuring an elegant bateau neckline and three-quarter sleeves. A timeless piece for any modern wardrobe.,"Embrace timeless Parisian chic with our Striped Bateau Neck Crop Top. Crafted from a soft and comfortable cotton blend knit, this top offers a relaxed, slightly boxy fit that is both modern and comfortable. It features classic black and white horizontal stripes, an elegant bateau neckline that gracefully frames the collarbones, and versatile three-quarter length sleeves. The cropped hemline pairs perfectly with high-waisted jeans, skirts, or trousers for a polished yet effortless look. A versatile staple you'll reach for season after season.",https://storage.googleapis.com/<your-artifacts-bucket>/products/684321.png,"Women's black and white striped bateau neck crop top with three-quarter sleeves, shown on a white background."
119928,840351899234,Floral V-Neck Button-Front Dress,Maison Onyx,Women,Apparel,Dress,Spring Garden Party,Medium,Black Floral,#000000,Viscose,Fit and Flare,29.75,62.5,78,"A charming black midi dress featuring a romantic rose floral print, a V-neckline, and a classic button-front design.","Step into effortless style with our Floral V-Neck Button-Front Dress. This piece features a timeless black background adorned with a lovely print of pink and white roses. Designed with a flattering V-neck, delicate cap sleeves, and a full button-front placket, this midi-length dress offers a perfect blend of comfort and chic sophistication. The lightweight viscose fabric ensures a beautiful drape, making it an ideal choice for brunches, day events, or warm-weather evenings.",https://storage.googleapis.com/<your-artifacts-bucket>/products/119928.png,"A woman's black V-neck, cap sleeve, button-front midi dress with a pink and white rose floral print."
492834,850043219876,Pink Geometric Print Mock Neck Midi Dress,Maison Onyx,Women,Apparel,Dress,Autumn Bloom 2023,Medium,Fuchsia Kaleidoscope,#D94A8C,Satin,Fit and Flare,98.5,210,245,"A vibrant midi dress featuring a striking geometric print in shades of pink, a sophisticated mock neck, and elegant long bishop sleeves.","Turn heads in this beautifully designed midi dress. It is crafted from a smooth satin fabric that drapes elegantly over the body. The dress features a chic mock neck, a fitted waist that flows into an A-line skirt, and romantic long bishop sleeves with detailed buttoned cuffs. The bold, kaleidoscopic geometric print in fuchsia, pink, and deep magenta makes this a perfect statement piece for special occasions, brunches, or evening events.",https://storage.googleapis.com/<your-artifacts-bucket>/products/492834.png,"Front view of a pink geometric print midi dress with a high mock neck, long bishop sleeves with buttoned cuffs, and an A-line silhouette."
543444,850058310921,Floral Lace V-Neck Mini Dress,Maison Onyx,Women,Apparel,Dress,Summer Garden Party,Medium,Black Multi Floral,#000000,Rayon with Lace Trim,Fit and Flare,22.5,49.99,68,A charming and romantic floral mini dress featuring a deep V-neck and elegant black lace detailing.,"Fall in love with this beautifully designed floral mini dress. It features a vibrant, multi-colored floral pattern set against a classic black background. The flattering fit-and-flare silhouette is enhanced by delicate black lace trim along the plunging V-neckline, cap sleeves, and empire waist. Made from a lightweight and breathable fabric, this dress is perfect for warm weather occasions, from daytime outings to evening events.",https://storage.googleapis.com/<your-artifacts-bucket>/products/543444.png,"Women's black floral print mini dress with a deep V-neckline and black lace trim on the neckline, sleeves, and waist."
634234,198765432109,Floral Puff Sleeve Mini Dress,Aurum,Women,Apparel,Dress,Spring Blossom Collection,Medium,Pink Multi Floral,#E6C0C1,Jacquard,Fitted,90,180,225,"A charming floral mini dress featuring elegant puff sleeves and a flattering fitted silhouette, perfect for spring occasions.","Embrace romantic style with our Floral Puff Sleeve Mini Dress. Crafted from a beautiful floral jacquard fabric, this dress boasts a delicate color palette of pink, yellow, and red. The statement puff sleeves add a touch of modern drama, while the fitted bodice and A-line skirt create a timelessly feminine silhouette. A concealed back zipper ensures a seamless fit. Ideal for garden parties, brunches, or any special event, this dress is a standout piece for your wardrobe.",https://storage.googleapis.com/<your-artifacts-bucket>/products/634234.png,Front view of a women's pink floral mini dress with short puff sleeves.
194821,840344194821,Quilted Faux Leather Chain Belt Shorts,Maison Onyx,Women,Apparel,Bottom,Midnight Glam,Medium,Black,#000000,Faux Leather,High-Waist,45.75,99.99,125,"Elevate your style with these chic black shorts, featuring a sophisticated quilted design and a striking gold-tone chain belt.","Crafted from supple faux leather, these high-waisted shorts showcase a classic diamond quilt pattern for a luxurious texture. The design is cinched at the waist with an integrated belt, highlighted by a bold, gold-tone curb chain at the front. These shorts offer a flattering fit and are perfect for creating an edgy, fashion-forward look for a night out or special event. Pair them with a sleek bodysuit and heels to complete the ensemble.",https://storage.googleapis.com/<your-artifacts-bucket>/products/194821.png,Women's black high-waisted quilted faux leather shorts with an integrated belt featuring a gold chain detail.
555877,195847362951,Sutton Classic Riding Boot,Maison Onyx,Women,Apparel,Footwear,Equestrian Elegance,Medium,Cognac,#834333,Full-Grain Leather,Knee-High,145.5,299.99,349.99,"A timeless knee-high riding boot crafted from rich, full-grain leather for a sophisticated and classic look.","Step out in style with the Sutton Classic Riding Boot. This elegant knee-high boot is meticulously crafted from premium full-grain leather in a warm cognac hue. Featuring a sleek silhouette, a comfortable low block heel, and a convenient pull-tab at the top, this boot combines timeless equestrian style with modern comfort. The durable construction and classic design make it a versatile staple for any wardrobe, perfect for pairing with jeans, leggings, or dresses.",https://storage.googleapis.com/<your-artifacts-bucket>/products/555877.png,"Profile view of a women's knee-high riding boot in cognac brown leather with a low heel, against a white background."
554345,198765432109,Tweed Pencil Skirt,Modern Muse,Women,Apparel,Bottom,Autumn Elegance,Medium,Cream Multi,#F5F5DC,Tweed,Pencil,42.5,89.99,110,"A classic high-waisted pencil skirt crafted from textured tweed, perfect for sophisticated office or evening wear.","Elevate your wardrobe with our timeless Tweed Pencil Skirt. This piece is beautifully constructed from a high-quality, textured tweed fabric in a versatile cream multi-color weave. The flattering high-waist and pencil silhouette create a polished and professional look that transitions effortlessly from day to night. Featuring a concealed back zipper for a smooth fit, this skirt is a must-have for any modern classic collection. Pair it with a crisp blouse or a fine-knit sweater for an elegant ensemble.",https://storage.googleapis.com/<your-artifacts-bucket>/products/554345.png,Front view of a high-waisted tweed pencil skirt in a cream and beige pattern.
199902,850062451893,Silk and Lace Camisole,Maison Onyx,Women,Apparel,Top,Seraphina,Medium,Champagne,#F7E7CE,"Silk, Lace",Regular,25.5,54.99,68,"A luxurious silk camisole adorned with intricate lace trim, perfect for sleep or elegant layering.","Experience everyday luxury with our Silk and Lace Camisole. Crafted from smooth, lustrous silk, this piece feels incredibly soft against the skin. It is beautifully designed with delicate, scalloped lace detailing on the v-neckline and hem, adding a touch of romantic femininity. The adjustable spaghetti straps provide a customizable and comfortable fit. This versatile camisole can be worn as elegant sleepwear or layered under a blazer for a sophisticated day-to-night ensemble.",https://storage.googleapis.com/<your-artifacts-bucket>/products/199902.png,"A champagne-colored silk camisole with delicate lace trim along the v-neckline and hem, featuring thin adjustable straps."
583944,840350112345,Unisex Fleece Jogger Sweatpants,Volt,Unisex,Apparel,Bottom,Core Activewear,Medium,Charcoal Gray,#5A5A5A,Fleece,Regular,21.5,45.99,55,"Classic fleece jogger sweatpants in a versatile charcoal gray, featuring a comfortable drawstring waist and cuffed ankles.","Stay comfortable and stylish with our Unisex Fleece Jogger Sweatpants. Made from a soft and warm fleece material, these pants are perfect for lounging, working out, or running errands. They feature an adjustable drawstring for a custom fit, convenient side pockets, and elastic-cuffed ankles for a modern jogger silhouette. The classic charcoal gray color makes them a versatile addition to any casual wardrobe.",https://storage.googleapis.com/<your-artifacts-bucket>/products/583944.png,Front view of charcoal gray fleece jogger sweatpants with a drawstring waist and elastic cuffs.
335234,850055123456,Kaleidoscope Geometric Print Shirt,Neon & Co.,Men,Apparel,Top,Vibrant Geometry,Medium,Multicolor,#D42D3A,100% Cotton,Regular Fit,35,72.5,85,A vibrant and eye-catching long-sleeve shirt featuring a bold geometric diamond pattern in primary colors.,"Make a bold statement with our Kaleidoscope Geometric Print Shirt. Crafted from comfortable and breathable 100% cotton, this shirt is perfect for all-day wear. It features a striking all-over geometric pattern of diamonds and lines in a vivid palette of red, blue, and yellow. Designed with a classic point collar, full button-front closure, and long sleeves with buttoned cuffs, this regular fit shirt offers a timeless silhouette with a modern, artistic twist. Ideal for casual outings, parties, or any occasion where you want to stand out.",https://storage.googleapis.com/<your-artifacts-bucket>/products/335234.png,"Men's long-sleeve button-down shirt with a colorful geometric diamond pattern in red, blue, and yellow."
192844,840348192844,Geometric Print Satin Shirtdress,Modern Muse,Women,Apparel,Dress,Modern Elegance,Medium,Cream/Grey,#F3EFE9,Satin,Regular Fit,135,275,325,"A sophisticated long-sleeve shirtdress crafted from smooth satin, featuring a striking geometric print and a self-tie belt to cinch the waist.","This elegant shirtdress is designed for a timeless appeal. It's crafted from a fluid satin fabric that drapes beautifully. The dress features a classic point collar, a full button-down front, and long sleeves with cuffed ends. A bold geometric print covers the entirety of the dress, offering a modern, graphic look. A matching fabric belt allows you to define your silhouette. The knee-length cut and curved hem make it a versatile piece for both professional settings and special occasions.",https://storage.googleapis.com/<your-artifacts-bucket>/products/192844.png,Women's long-sleeve collared shirtdress in a cream and grey geometric pattern with a matching belt.
349022,850051123456,Emerald Green Satin High-Neck Blouse,Modern Muse,Women,Apparel,Top,Evening Elegance,Medium,Emerald Green,#00573D,Satin,Regular Fit,45.5,95,120,"An elegant high-neck blouse crafted from luxurious emerald green satin, perfect for sophisticated day-to-night looks.","Exude timeless elegance with our High-Neck Satin Blouse. Cut from lustrous emerald green satin, this piece features a sophisticated mock turtleneck with delicate button accents and soft gathering for a flattering drape. The long blouson sleeves are finished with wide, structured cuffs, adding a touch of classic drama. This versatile top can be dressed up with a tailored skirt for the office or paired with sleek trousers for an evening out.",https://storage.googleapis.com/<your-artifacts-bucket>/products/349022.png,Front view of an emerald green satin long-sleeve blouse with a high mock neck and button details.
239944,850024681357,Checkered Knit Sweater Vest,Modern Muse,Unisex,Apparel,Top,Fall/Winter 2023,Medium,Black/Cream,#F5F5DC,Wool Blend,Regular Fit,35,70,85,"A classic v-neck sweater vest featuring a bold black and cream checkerboard pattern, perfect for layering.","Stay warm and stylish with this timeless checkered knit sweater vest. Crafted from a soft, comfortable knit fabric, it features a classic v-neckline and ribbed trim along the neck, armholes, and hem. The striking black and cream checkerboard pattern makes a statement, offering a versatile piece that can be dressed up or down. Layer it over a crisp white shirt for a preppy look or a simple t-shirt for a more casual vibe.",https://storage.googleapis.com/<your-artifacts-bucket>/products/239944.png,A black and cream checkered v-neck knit sweater vest laid flat on a white surface.
653444,805673912345,Graffiti Print T-Shirt Dress,Neon & Co.,Women,Apparel,Dress,Summer Streetwear '23,Medium,White,#FFFFFF,Cotton,Relaxed,75.5,149.99,195,"A relaxed-fit t-shirt dress in white cotton, featuring a bold, colorful graffiti-style graphic on the chest and a stylish asymmetric ruched hem.","Embrace urban edge with this comfortable and stylish t-shirt dress. Made from 100% soft cotton, this dress features a classic crew neck and short sleeves for a casual feel. The front is adorned with a vibrant, multi-colored graffiti print, making a bold statement. The design is elevated with a modern, asymmetric ruched detail on the side, leading to a subtle side slit for added style and movement. This dress offers a relaxed fit, perfect for everyday wear or making an impression.",https://storage.googleapis.com/<your-artifacts-bucket>/products/653444.png,Women's white t-shirt dress with a colorful graffiti logo print on the chest and an asymmetric ruched hem.
725345,198765432109,AuraStep Ventilated Comfort Clogs,Aurum,Unisex,Apparel,Footwear,Summer Comfort,Medium,Sand,#D2B48C,EVA Foam,Relaxed,22.5,44.99,59.99,"Lightweight, breathable, and incredibly comfortable. The perfect slip-on for any casual occasion, crafted from durable EVA foam.","Discover ultimate comfort and breathability with our Ventilated Comfort Clogs. Crafted from a single piece of durable and lightweight EVA foam, these clogs are designed for all-day wear. The strategically placed ventilation ports across the top and sides keep your feet cool and help shed water and debris, making them ideal for the beach, garden, or just lounging around. The slip-on, backless design and roomy fit ensure easy on-and-off, while the contoured footbed provides gentle support. Easy to clean and quick to dry, these clogs will quickly become your go-to footwear choice.",https://storage.googleapis.com/<your-artifacts-bucket>/products/725345.png,A pair of sand-colored ventilated foam clogs shown at a three-quarter angle on a white background.
192834,840364192834,Relaxed Fit Cargo Pants,Modern Muse,Unisex,Apparel,Bottom,Core Essentials 2024,Medium,Olive Green,#7A755A,Cotton Twill,Relaxed Fit,29.5,65,78,"Durable and functional cargo pants crafted from sturdy cotton twill, featuring a relaxed fit and ample pocket space for everyday utility.","Meet your new go-to pants for any occasion. The Urban Expedition Relaxed Fit Cargo Pants are designed for durability, comfort, and timeless style. Made from a high-quality cotton twill fabric, these pants can withstand daily wear while maintaining a comfortable feel. The relaxed fit provides ease of movement, and the multiple large cargo pockets on the legs offer practical storage for all your essentials. The classic olive green color makes them incredibly versatile, easy to pair with anything from a simple t-shirt to a button-down shirt. Finished with a zip fly and button closure, these pants blend utilitarian design with modern aesthetics.",https://storage.googleapis.com/<your-artifacts-bucket>/products/192834.png,"Front view of olive green relaxed fit cargo pants with multiple pockets, on a white background."
192833,840364192833,Relaxed Fit Cargo Pants,Volt,Unisex,Apparel,Bottom,Core Essentials 2024,Medium,Olive Green,#7A755A,Cotton Twill,Relaxed Fit,29.5,65,78,"Durable and functional cargo pants crafted from sturdy cotton twill, featuring a relaxed fit and ample pocket space for everyday utility.","Meet your new go-to pants for any occasion. The Urban Expedition Relaxed Fit Cargo Pants are designed for durability, comfort, and timeless style. Made from a high-quality cotton twill fabric, these pants can withstand daily wear while maintaining a comfortable feel. The relaxed fit provides ease of movement, and the multiple large cargo pockets on the legs offer practical storage for all your essentials. The classic olive green color makes them incredibly versatile, easy to pair with anything from a simple t-shirt to a button-down shirt. Finished with a zip fly and button closure, these pants blend utilitarian design with modern aesthetics.",https://storage.googleapis.com/<your-artifacts-bucket>/products/192833.png,"Front view of olive green relaxed fit cargo pants with multiple pockets, on a white background."
667734,198765432109,Relaxed Fit Embroidered Hoodie,Modern Muse,Unisex,Apparel,Top,Core Essentials,Medium,Beige,#C7B9A9,Cotton Blend,Relaxed Fit,42.5,110,110,"A comfortable, relaxed-fit hoodie in a versatile beige color, featuring a drawstring hood, kangaroo pocket, and subtle tonal embroidery on the chest.","Crafted for comfort and style, this beige hoodie is a wardrobe essential. Made from a soft cotton-blend fabric, it features a relaxed fit for easy layering and all-day comfort. The design includes a classic adjustable drawstring hood, a spacious front kangaroo pocket, and ribbed cuffs and hem to lock in warmth. A tonal embroidered logo on the chest adds a subtle, premium touch to this minimalist piece.",https://storage.googleapis.com/<your-artifacts-bucket>/products/667734.png,"Front view of a beige relaxed-fit hoodie with tonal embroidery on the chest, a drawstring hood, and a kangaroo pocket."
982349,196924009823,Tweed Sleeveless Mini Dress,Maison Onyx,Women,Apparel,Dress,Classic Collection,Medium,White/Black,#F5F5F5,Tweed,Sheath,180,450,495,"A timeless sleeveless mini dress crafted from classic tweed, featuring contrasting black trim and elegant button embellishments.","Embody Parisian chic with this exquisite sleeveless mini dress. Meticulously crafted from a luxurious white and black tweed fabric, this piece showcases the brand's iconic aesthetic. It features a flattering sheath silhouette, a round neckline, and contrasting black trim along the neck, armholes, waist, pockets, and hem. Ornate silver-tone buttons adorn the faux chest pockets, hip pockets, and shoulders, adding a touch of opulence. This dress is a perfect choice for sophisticated day-to-evening wear.",https://storage.googleapis.com/<your-artifacts-bucket>/products/982349.png,White and black tweed sleeveless mini dress with button details.
343485,840345123456,Embellished Tweed Sheath Dress,Maison Onyx,Women,Apparel,Dress,Fall/Winter 2023,Medium,Black/White Multi,#FFFFFF,Tweed,Sheath,312.75,450,495,"A beautifully crafted tweed mini dress featuring a black and white pattern with sparkling embellishments. This sheath dress has a classic crew neck and short sleeves, perfect for a sophisticated and polished look.","Exude timeless elegance with this Embellished Tweed Sheath Dress. Expertly tailored from a rich, textured tweed fabric, this piece showcases a sophisticated black and white pattern interwoven with subtle metallic threads for a hint of shimmer. The dress is designed in a flattering sheath silhouette that hugs the body gracefully. It features a classic crew neckline, short sleeves, and is accented with intricate beaded and frayed trim along the collar, cuffs, defined waistline, and hem. This dress is a perfect choice for formal events, business meetings, or any occasion where you want to make a chic statement.",https://storage.googleapis.com/<your-artifacts-bucket>/products/343485.png,"A short-sleeved tweed mini dress in black and white with embellished trim along the crew neck, cuffs, waist, and faux pocket details."
119283,850051234567,Pearl-Collar Sleeveless Sheath Dress,Maison Onyx,Women,Apparel,Dress,Cocktail & Evening Collection,Medium,Black,#000000,Crepe,Sheath Fit,85.5,179.99,198,An elegant sleeveless black sheath dress featuring a sophisticated pearl-embellished jewel neckline. Perfect for formal events and cocktail parties.,"Exude timeless sophistication in our Pearl-Collar Sleeveless Sheath Dress. Tailored to perfection, this classic black dress features a flattering sheath silhouette that skims the body beautifully. The standout detail is the exquisite pearl-embellished jewel neckline, adding a touch of luxury and eliminating the need for a necklace. Crafted from a high-quality crepe fabric with a hint of stretch for comfort, it's fully lined and fastens with a concealed back zipper. A versatile and chic addition to any wardrobe, this dress is ideal for cocktail hours, weddings, or any formal occasion where you want to make a lasting impression.",https://storage.googleapis.com/<your-artifacts-bucket>/products/119283.png,"Sleeveless black sheath dress with a pearl-embellished jewel neckline, front view."
192838,194567890123,Sleeveless Tweed Mini Dress with Contrast Trim,Modern Muse,Women,Apparel,Dress,Pre-Fall 2023,Medium,Cream/Black,#F5F5DC,Tweed,Shift,198.75,445,445,"A timelessly chic sleeveless mini dress crafted from textured tweed, featuring elegant black contrast trim and four patch pockets for a touch of classic sophistication.","This beautifully constructed shift dress channels classic Parisian elegance. Made from a high-quality cream-colored tweed, it offers both texture and structure. The sleeveless design is complemented by bold black trim along the round neck and armholes. Four patch pockets, two at the chest and two at the hips, are also accented with black trim and finished with ornate silver-tone buttons. A concealed back zipper provides a clean, tailored fit. This versatile piece is perfect for transitioning from a daytime meeting to an evening event with effortless style.",https://storage.googleapis.com/<your-artifacts-bucket>/products/192838.png,"A sleeveless cream tweed mini dress with black contrast trim on the neckline, armholes, and four front patch pockets with silver buttons."
999039,197855034921,Abstract Print Cowl Neck Slip Dress,Maison Onyx,Women,Apparel,Dress,Summer Pop Collection,Medium,Multi-Color,#0047AB,Satin,Slim,28.5,59.99,75,"A stunning slip dress with a cowl neckline and a vibrant, multi-colored abstract print. Made from a silky satin material.","Make a bold statement with our Abstract Print Cowl Neck Slip Dress. This eye-catching piece features a flattering cowl neckline and delicate spaghetti straps. The smooth satin fabric drapes beautifully over the body in a slim-fit silhouette. The energetic, multi-colored abstract pattern in shades of blue, green, pink, and orange ensures you'll stand out in any crowd. Perfect for a night out or a special occasion.",https://storage.googleapis.com/<your-artifacts-bucket>/products/999039.png,"A multi-colored slip dress with a cowl neck and spaghetti straps, featuring a vibrant abstract geometric pattern."
443323,198765432109,Ruby Red Silk Cowl Neck Slip Dress,Maison Onyx,Women,Apparel,Dress,Evening Elegance,Medium,Ruby Red,#9B111E,Silk,Slim Fit,120.5,249.99,295,"An elegant ruby red slip dress crafted from lustrous silk, featuring a graceful cowl neckline and delicate spaghetti straps.","Make a stunning entrance in our Ruby Red Silk Cowl Neck Slip Dress. Cut on the bias from pure, fluid silk, this dress skims your figure for a flattering, slim fit. The elegant cowl neckline adds a touch of classic glamour, while the delicate spaghetti straps provide a minimalist finish. Falling to a sophisticated midi length, this piece is perfect for cocktail parties, weddings, or any special occasion where you want to feel effortlessly chic. Its rich ruby hue is both timeless and captivating.",https://storage.googleapis.com/<your-artifacts-bucket>/products/443323.png,Front view of a ruby red silk slip dress with a cowl neckline and spaghetti straps on a white background.
733344,198765432109,Psychedelic Swirl Mesh Long-Sleeve Top,Neon & Co.,Women,Apparel,Top,Art Pop,Medium,Multicolor,#D63A3A,Mesh,Slim Fit,45.5,99.99,125,"A vibrant, long-sleeve mesh top featuring a bold psychedelic print. Perfect for layering or as a statement piece.","Make a statement with this eye-catching long-sleeve top. Crafted from lightweight, breathable mesh, it offers a comfortable, body-hugging slim fit. The top is adorned with a dynamic and colorful abstract print, featuring swirls, checks, and geometric shapes in a palette of red, blue, yellow, and black. With a classic crew neck and full-length sleeves, this piece is perfect for layering under a jacket or over a bralette to create a bold, artistic look for any occasion.",https://storage.googleapis.com/<your-artifacts-bucket>/products/733344.png,"Front view of a women's long-sleeve mesh top with a colorful, abstract swirl and geometric pattern."
735634,840345123456,Metallic Halter Cowl Neck Midi Dress,Maison Onyx,Women,Apparel,Dress,Midnight Shimmer,Medium,Gunmetal,#848482,Metallic Lurex Blend,Slim Fit,58.5,119.99,148,A stunning gunmetal metallic midi dress featuring an elegant halter neckline and a flattering cowl front. Perfect for evening events and special occasions.,"Command attention in this exquisite Metallic Halter Cowl Neck Midi Dress. Expertly crafted from a shimmering lurex blend, this dress is designed to catch the light from every angle. It features a sophisticated halter neck that ties at the back and a gracefully draped cowl neckline that adds a touch of classic glamour. The slim-fit silhouette hugs your figure before falling to an elegant midi length, creating a sleek and modern look. Whether you're attending a cocktail party or a formal dinner, this dress is your go-to for making a memorable statement.",https://storage.googleapis.com/<your-artifacts-bucket>/products/735634.png,"A women's gunmetal metallic midi dress with a halter neckline and a draped cowl front, shown on a white background."
595544,840293117541,Breton Stripe Button-Cuff Sweater,Modern Muse,Women,Apparel,Top,Nautical Classics,Medium,Navy/Cream,#1A2238,Cotton Blend,Slim Fit,55,110,128,A classic Breton stripe sweater featuring a slim fit and elegant gold-tone button details on the cuffs. A timeless piece for any wardrobe.,"Embrace timeless nautical charm with our Breton Stripe Button-Cuff Sweater. Crafted from a comfortable cotton blend, this sweater offers a flattering slim fit that's perfect for layering. It features classic navy and cream stripes, a simple crew neckline, and is elevated by solid navy cuffs adorned with decorative gold-tone buttons. This versatile top can be dressed up with trousers or paired with your favorite jeans for a chic, casual look.",https://storage.googleapis.com/<your-artifacts-bucket>/products/595544.png,"A women's long-sleeve sweater with navy and cream horizontal stripes, a crew neck, and solid navy cuffs with three gold buttons."
524146,840344152871,Faux Leather Corset Mini Dress,Maison Onyx,Women,Apparel,Dress,After Hours,Medium,Chocolate Brown,#4d2e2e,Faux Leather,Slim Fit,38.5,79.99,98,"A captivating faux leather mini dress designed with a structured corset bodice and a sleek, body-hugging silhouette.","Command attention in this stunning Faux Leather Corset Mini Dress. Crafted from a supple, high-quality faux leather in a rich chocolate brown hue, this piece is a modern essential for any bold wardrobe. The dress features a structured corset bodice with defined cups and boning details to create a flattering, sculpted shape. Wide shoulder straps and a square neckline add a contemporary touch, while the slim-fit mini skirt elongates the legs. Perfect for a night out on the town or a special event.",https://storage.googleapis.com/<your-artifacts-bucket>/products/524146.png,"A women's chocolate brown faux leather mini dress with a corset-style bodice and thick straps, shown on a white background."
643575,850024567890,Psychedelic Swirl Cowl Neck Mini Dress,Maison Onyx,Women,Apparel,Dress,70s Revival,Medium,Sunset Swirl,#F9A825,Satin,Slim Fit,28.5,65,78,"A vibrant mini slip dress featuring a 70s-inspired psychedelic swirl print, a flattering cowl neckline, and a slim, body-skimming fit.","Step back in time with our Psychedelic Swirl Cowl Neck Mini Dress. Made from a silky satin material, this dress features a bold and colorful swirl pattern in hues of orange, purple, blue, and yellow. The design includes a chic cowl neck and delicate, adjustable spaghetti straps. Its slim-fit silhouette flatters your figure, making it the perfect statement piece for parties, festivals, or a night out on the town.",https://storage.googleapis.com/<your-artifacts-bucket>/products/643575.png,"A women's mini slip dress with a colorful psychedelic swirl pattern, cowl neckline, and thin spaghetti straps."
745624,198765432109,Ribbed Knit Long Sleeve Maxi Dress,Aurum,Women,Apparel,Dress,Modern Essentials,Medium,Heather Taupe,#8A7F74,Wool Blend,Slim Fit,62.5,129,158,"An elegant and modern long-sleeve maxi dress crafted from a comfortable ribbed knit fabric. Features a slim, body-contouring fit and a tasteful side slit for added movement and style.","Discover timeless elegance with our Ribbed Knit Long Sleeve Maxi Dress. Designed to flatter, this dress features a slim, figure-hugging silhouette crafted from a soft and stretchy wool-blend knit. The classic crew neckline and long sleeves provide sophisticated coverage, while a high side slit introduces a contemporary edge and ensures ease of movement. Rendered in a versatile heather taupe, this dress is a perfect foundation piece for any modern wardrobe, easily dressed up or down for any occasion.",https://storage.googleapis.com/<your-artifacts-bucket>/products/745624.png,"A women's long-sleeve, crew neck, ribbed knit maxi dress in heather taupe with a high side slit on the left leg."
584922,850024584922,Suede Ankle Strap Block Heel Pump,Maison Onyx,Women,Apparel,Footwear,Modern Classics,Medium,Black,#000000,Suede,Standard,52.75,110,135,An elegant and versatile black suede pump featuring a comfortable block heel and a secure ankle strap.,"Elevate your wardrobe with our Suede Ankle Strap Block Heel Pump. Crafted from luxurious black suede, this shoe is designed for both style and comfort. The sturdy block heel offers stability for all-day wear, while the adjustable ankle strap provides a secure and flattering fit. Its timeless design makes it a perfect choice for the office, special occasions, or a chic everyday look. The interior is lined with smooth leather for added comfort.",https://storage.googleapis.com/<your-artifacts-bucket>/products/584922.png,"A side profile of a women's black suede pump with a block heel and a thin ankle strap with a silver buckle, on a white background."
295883,840361129588,The Rigid Slouch Jean,Neon & Co.,Men,Apparel,Bottom,Core Denim 2023,Medium,Vintage Indigo,#3A506B,Denim,Straight,42.5,98,118,"A classic pair of straight-leg jeans crafted from durable, rigid denim with a vintage-inspired medium blue wash.","Meet your new favorite everyday jean. The Rigid Slouch Jean is designed with a classic straight fit that offers a comfortable, relaxed silhouette without being baggy. Made from 100% cotton rigid denim, these jeans will break in beautifully over time, molding to your shape for a personalized fit. The vintage indigo wash features authentic-looking fading and whiskering for a lived-in feel from the very first wear. Featuring a classic five-pocket design, zip fly, and button closure, these jeans are a versatile staple for any wardrobe.",https://storage.googleapis.com/<your-artifacts-bucket>/products/295883.png,"A pair of men's straight-leg jeans in a vintage indigo wash, shown flat on a white background."
90802,840350112345,Classic Straight Fit Jeans,Neon & Co.,Men,Apparel,Bottom,Core Essentials,Medium,Medium Wash Blue,#3A5A8A,Denim,Straight,35.25,75.5,88,"A timeless pair of straight-fit jeans crafted from comfortable denim, featuring a classic medium wash and five-pocket styling.","Meet your new favorite jeans. Our Classic Straight Fit Jeans are designed for both style and comfort, making them a versatile staple for any wardrobe. Made from high-quality, durable denim with a hint of stretch, they offer a perfect fit that moves with you. The medium blue wash is enhanced with subtle whiskering and fading for an authentic, lived-in look right from the start. Featuring a traditional five-pocket design, zip fly, and button closure, these jeans are the ideal foundation for any casual outfit.",https://storage.googleapis.com/<your-artifacts-bucket>/products/90802.png,"A pair of men's straight fit jeans in a medium blue wash, shown flat on a white background."
394055,840361123456,High-Waisted Distressed Straight-Leg Jeans,Neon & Co.,Women,Apparel,Bottom,Summer Street Style,Medium,Light Wash Blue,#7DA3C4,Denim,Straight Leg,35.5,74.99,88,"A pair of light wash blue straight-leg jeans with a high-waisted fit. Features heavy distressing and large, open rips at the knees for an edgy, modern look.","Make a statement with our High-Waisted Distressed Straight-Leg Jeans. Crafted from 100% cotton denim for an authentic vintage feel, these jeans come in a classic light wash blue. The design features a flattering high-rise waist, a standard five-pocket layout, and a straight-leg cut that offers a relaxed yet stylish silhouette. The defining characteristic is the bold, heavy distressing throughout, with prominent rips at the knees that add a touch of rebellious charm. Finished with a frayed, raw hem, these jeans are perfect for pairing with sneakers and a simple tee for an effortlessly cool weekend outfit.",https://storage.googleapis.com/<your-artifacts-bucket>/products/394055.png,"Women's light wash blue straight-leg jeans with significant distressing and large rips at both knees, featuring a high-rise waist and a raw hem."
234444,840348123456,Faux Leather Straight-Leg Pants,Maison Onyx,Women,Apparel,Bottom,Downtown Edit,Medium,Black,#0C0C0C,Faux Leather,Straight-Leg,38.5,79.99,98,Sleek and modern faux leather pants with a classic straight-leg cut and five-pocket styling.,"Introducing our Faux Leather Straight-Leg Pants, the perfect piece to add a touch of edge to any outfit. Crafted from a supple, high-quality faux leather, these pants feature a classic five-pocket design, a zip fly with a button closure, and seam detailing across the knees for added style. The flattering high-rise waist and straight-leg silhouette create a long, lean look. Pair them with a casual knit for daytime or a silk camisole for a night out.",https://storage.googleapis.com/<your-artifacts-bucket>/products/234444.png,"Front view of black faux leather straight-leg pants with five-pocket styling, isolated on a white background."
839185,198765432109,High-Waisted Houndstooth Trousers,Modern Muse,Women,Apparel,Bottom,Autumn Classics,Medium,Black/White Houndstooth,#000000,Wool Blend,Wide-Leg,45.5,99.99,128,Classic high-waisted trousers featuring a timeless black and white houndstooth pattern and a modern wide-leg silhouette.,"Elevate your wardrobe with these sophisticated High-Waisted Houndstooth Trousers. Expertly tailored from a quality wool-blend fabric, they offer both structure and comfort. The classic black and white houndstooth print provides a timeless appeal, while the high-waisted design and front pleats create a flattering shape. A relaxed, wide-leg cut ensures ease of movement and a chic, flowing silhouette. These trousers are a versatile addition, perfect for transitioning from a professional office setting to an elegant evening out.",https://storage.googleapis.com/<your-artifacts-bucket>/products/839185.png,Front view of women's high-waisted wide-leg trousers in a black and white houndstooth pattern.
294832,840351829457,High-Waisted Pleated Culottes,Modern Muse,Women,Apparel,Bottom,Modern Essentials,Medium,Oatmeal,#EAE3D5,Wool Blend,Wide-Leg,95.5,198,225,"Sophisticated and modern, these high-waisted culottes feature sharp pleats and a flattering wide-leg silhouette.","Elevate your wardrobe with our High-Waisted Pleated Culottes. Expertly tailored from a structured wool-blend fabric, they sit comfortably at the natural waist and flow into a graceful, wide-leg shape that ends at a cropped length. The crisp front pleats add volume and movement, creating a polished and contemporary look. These versatile trousers are perfect for transitioning from the office to an evening out, offering both comfort and impeccable style.",https://storage.googleapis.com/<your-artifacts-bucket>/products/294832.png,Front view of women's oatmeal colored high-waisted pleated wide-leg culottes with a single button closure.
293852,850024987123,Satin Jacquard Wrap Midi Dress,Maison Onyx,Women,Apparel,Dress,Evening Elegance,Medium,Navy Blue,#19213D,Satin Jacquard,Wrap,150,325,350,"Elevate your evening look with this stunning navy blue satin jacquard wrap dress, featuring long bishop sleeves and a flattering midi length.","Crafted from a luxurious satin jacquard fabric with a subtle polka dot pattern, this wrap dress exudes timeless elegance. It's designed with a classic V-neckline, voluminous long bishop sleeves with cuffed wrists, and a self-tie belt to cinch the waist for a defined silhouette. The flowing midi-length skirt creates beautiful movement, making it perfect for special occasions, cocktail parties, or formal dinners. The wrap design ensures a comfortable and adjustable fit for effortless sophistication.",https://storage.googleapis.com/<your-artifacts-bucket>/products/293852.png,Front view of a women's navy blue satin jacquard long-sleeve wrap midi dress on a white background.
632567,840348162951,Gola Retro Color-Block Runner,Modern Muse,Unisex,Apparel,Footwear,Heritage Classics,US 9,Red/Teal,#D81E34,"Suede, Nylon",Regular,42.5,89.99,95,"A vibrant, retro-inspired sneaker featuring a bold color-block design in red and teal with classic white accents.","Inspired by classic running silhouettes, this Gola sneaker brings a touch of vintage athletic style to your wardrobe. The upper features a dynamic combination of red nylon and suede panels, contrasted with a vibrant teal suede toe cap. The iconic white wingflash branding on the side, a cushioned EVA midsole, and a durable gum rubber outsole for superior grip complete this timeless and comfortable design.",https://storage.googleapis.com/<your-artifacts-bucket>/products/632567.png,"A side view of a retro-style running shoe with a red and teal upper, white stripes, white laces, and a gum sole."
